{
    "bleu": 0.062578925801774,
    "rouge1": 0.49338374291115317,
    "rouge2": 0.10028382213812678,
    "rougeL": 0.17485822306238186
}